{
  "5": {
    "title": "Uge 5 - Hjertets første slag",
    "description": "Din baby er nu på størrelse med et frø. Hjertets primitive struktur begynder at dannes og vil snart begynde at slå. Nervesystemet udvikler sig også.",
    "size": "frø",
    "keyDevelopments": ["Hjertet begynder at udvikles", "Nervesystemet starter", "Placenta dannes"]
  },
  "6": {
    "title": "Uge 6 - Ansigtstræk begynder",
    "description": "Baby er nu på størrelse med en linse. De første ansigtstræk begynder at udvikle sig, og hjertet slår nu regelmæssigt.",
    "size": "linse", 
    "keyDevelopments": ["Ansigtstræk udvikles", "Hjertets regelmæssige slag", "Arme og ben begynder"]
  },
  "7": {
    "title": "Uge 7 - Arme og ben",
    "description": "Baby er nu på størrelse med et blåbær. Arme og ben bliver mere tydelige, og hjernen udvikler sig hurtigt.",
    "size": "blåbær",
    "keyDevelopments": ["Arme og ben mere tydelige", "Hurtig hjerneudvikling", "Øjne og næse dannes"]
  },
  "8": {
    "title": "Uge 8 - Fingre og tæer",
    "description": "Baby er nu på størrelse med et hindbær. Fingre og tæer begynder at skille sig ud, og babys bevægelser starter.",
    "size": "hindbær",
    "keyDevelopments": ["Fingre og tæer udvikles", "Første bevægelser", "Indre organer dannes"]
  },
  "9": {
    "title": "Uge 9 - Muskulatur udvikles",
    "description": "Baby er nu på størrelse med en kirsebær. Musklerne udvikler sig, og baby kan bøje arme og ben.",
    "size": "kirsebær",
    "keyDevelopments": ["Muskulatur udvikles", "Kan bøje lemmer", "Hale forsvinder"]
  },
  "10": {
    "title": "Uge 10 - Alle vitale organer", 
    "description": "Baby er nu på størrelse med en jordgulvet. Alle vitale organer er dannet og vil nu vokse og modnes.",
    "size": "jordgulvet",
    "keyDevelopments": ["Alle organer dannet", "Fingeraftryk udvikles", "Bevægelser øges"]
  },
  "11": {
    "title": "Uge 11 - Næsten fuldt udviklet",
    "description": "Baby er nu på størrelse med en dadel. Næsten alle strukturer er nu dannet og vil fortsætte med at vokse.",
    "size": "dadel",
    "keyDevelopments": ["Næsten fuldt udviklet", "Kan strakke sig", "Kønsorganer dannes"]
  },
  "12": {
    "title": "Uge 12 - Reflexer udvikles",
    "description": "Baby er nu på størrelse med en lime. Reflexer som at åbne og lukke fingre udvikler sig.",
    "size": "lime", 
    "keyDevelopments": ["Reflexer udvikles", "Kan åbne og lukke fingre", "Nyrer fungerer"]
  },
  "13": {
    "title": "Uge 13 - Anden trimester!",
    "description": "Baby er nu på størrelse med en fersken. Andet trimester begynder, og baby vokser hurtigt nu.",
    "size": "fersken",
    "keyDevelopments": ["Andet trimester", "Hurtig vækst", "Stemmebaand dannes"]
  },
  "14": {
    "title": "Uge 14 - Ansigtsudtryk",
    "description": "Baby er nu på størrelse med en citron. Baby kan nu lave ansigtsudtryk og måske endda smile!",
    "size": "citron",
    "keyDevelopments": ["Ansigtsudtryk mulige", "Kan smile", "Lever producerer galde"]
  },
  "15": {
    "title": "Uge 15 - Lys og lyde",
    "description": "Baby er nu på størrelse med en nektarin. Baby kan reagere på lys og lyde udefra.",
    "size": "nektarin",
    "keyDevelopments": ["Reagerer på lys", "Hører lyde", "Hårvækst begynder"]
  },
  "16": {
    "title": "Uge 16 - Første bevægelser?",
    "description": "Baby er nu på størrelse med en avocado. Du kan måske mærke de første svage bevægelser nu.",
    "size": "avocado",
    "keyDevelopments": ["Første mærkbare bevægelser", "Koordinerede bevægelser", "Køn kan bestemmes"]
  },
  "17": {
    "title": "Uge 17 - Fedtlag dannes",
    "description": "Baby er nu på størrelse med et løg. Et tynt fedtlag begynder at danne sig under huden.",
    "size": "løg",
    "keyDevelopments": ["Fedtlag under huden", "Skelet hærdner", "Øjenbryn og øjenvipper"]
  },
  "18": {
    "title": "Uge 18 - Hører din stemme",
    "description": "Baby er nu på størrelse med en paprika. Baby kan nu høre din stemme og hjerteslaget.",
    "size": "paprika",
    "keyDevelopments": ["Hører moderens stemme", "Hjerteslaget hørbart", "Gaber og hikker"]
  },
  "19": {
    "title": "Uge 19 - Beskyttende belægning",
    "description": "Baby er nu på størrelse med en banan. En beskyttende vokslignende belægning dækker huden.",
    "size": "banan",
    "keyDevelopments": ["Beskyttende hudlag", "Mere aktive bevægelser", "Søvn-vågen cyklusser"]
  },
  "20": {
    "title": "Uge 20 - Halvvejs der!",
    "description": "Baby er nu på størrelse med en grapefrugt. Du er halvvejs gennem graviditeten!",
    "size": "grapefrugt",
    "keyDevelopments": ["Halvvejs gennem graviditet", "Regelmæssige bevægelser", "Slutter af afføring"]
  },
  "21": {
    "title": "Uge 21 - Kan smage",
    "description": "Baby er nu på størrelse med en broccoli. Smagsløgene udvikler sig og baby kan smage fostervandet.",
    "size": "broccoli",
    "keyDevelopments": ["Kan smage fostervand", "Smagsløg udvikles", "Øjenlågene bevæger sig"]
  },
  "22": {
    "title": "Uge 22 - Fingeraftryk unikke",
    "description": "Baby er nu på størrelse med en aubergine. Fingeraftrykkene er nu helt unikke og permanente.",
    "size": "aubergine",
    "keyDevelopments": ["Unikke fingeraftryk", "Læberne mere tydelige", "Første hår på hovedet"]
  },
  "23": {
    "title": "Uge 23 - Huden bliver mindre gennemsigtig",
    "description": "Baby er nu på størrelse med en majskolbe. Huden bliver mindre gennemsigtig efterhånden som fedtet opbygges.",
    "size": "majskolbe",
    "keyDevelopments": ["Hud mindre gennemsigtig", "Fedtopbygning", "Lungerne udvikles"]
  },
  "24": {
    "title": "Uge 24 - Levedygtig!",
    "description": "Baby er nu på størrelse med en blomkål. Baby betragtes nu som potentielt levedygtig udenfor livmoderen.",
    "size": "blomkål",
    "keyDevelopments": ["Potentielt levedygtig", "Lungernes udvikling", "Reagerer på berøring"]
  },
  "25": {
    "title": "Uge 25 - Næsebor åbner",
    "description": "Baby er nu på størrelse med en agurk. Næseborene åbner sig og baby begynder at 'øve' vejrtrækning.",
    "size": "agurk",
    "keyDevelopments": ["Næsebor åbnes", "Øver vejrtrækning", "Håret bliver tykkere"]
  },
  "26": {
    "title": "Uge 26 - Øjne åbner",
    "description": "Baby er nu på størrelse med en rød kål. Øjnene begynder at åbne og lukke for første gang.",
    "size": "rød kål",
    "keyDevelopments": ["Øjne åbner og lukker", "Kan se lys", "Mere regelmæssig søvn"]
  },
  "27": {
    "title": "Uge 27 - Tredje trimester!",
    "description": "Baby er nu på størrelse med en honningdynte. Tredje trimester begynder - den sidste del af rejsen!",
    "size": "honningdynte",
    "keyDevelopments": ["Tredje trimester", "Kan hikke", "Hjernens hurtige udvikling"]
  },
  "28": {
    "title": "Uge 28 - Øjenvipper færdige",
    "description": "Baby er nu på størrelse med en kokosnød. Øjenvipperne er nu helt færdigudviklede.",
    "size": "kokosnød",
    "keyDevelopments": ["Færdige øjenvipper", "Kan blinke", "Immunforsvar udvikles"]
  },
  "29": {
    "title": "Uge 29 - Hjernen vokser",
    "description": "Baby er nu på størrelse med et græskar. Hjernen vokser hurtigt og baby bliver mere aktiv.",
    "size": "græskar",
    "keyDevelopments": ["Hurtig hjerneutvikling", "Mere aktivt", "Kan kontrollere temperatur"]
  },
  "30": {
    "title": "Uge 30 - Røde blodlegemer",
    "description": "Baby er nu på størrelse med en ananas. Knoglemarven overtager produktionen af røde blodlegemer.",
    "size": "ananas",
    "keyDevelopments": ["Knoglemarv producerer blod", "Øget fedtopbygning", "Kan åbne øjnene"]
  },
  "31": {
    "title": "Uge 31 - Lungerne modnes",
    "description": "Baby er nu på størrelse med en savoykål. Lungerne fortsætter med at modne og udvikle sig.",
    "size": "savoykål",
    "keyDevelopments": ["Lungernes modning", "Kan vende hovedet", "Mere koordinerede bevægelser"]
  },
  "32": {
    "title": "Uge 32 - Toengle vokser",
    "description": "Baby er nu på størrelse med en butternut squash. Toenglene vokser nu og knogler hærdner.",
    "size": "butternut squash",
    "keyDevelopments": ["Toengle vokser", "Knogler hærdner", "Immunsystem styrkes"]
  },
  "33": {
    "title": "Uge 33 - Mindre bevægelser",
    "description": "Baby er nu på størrelse med en honningmelon. Du mærker måske færre bevægelser da pladsen bliver mindre.",
    "size": "honningmelon",
    "keyDevelopments": ["Mindre plads", "Færre men stærkere bevægelser", "Skallen blødner"]
  },
  "34": {
    "title": "Uge 34 - Huden glatter ud",
    "description": "Baby er nu på størrelse med en cantaloupe melon. Huden bliver glattere og mindre rynket.",
    "size": "cantaloupe melon",
    "keyDevelopments": ["Hud glatter ud", "Fingerngle færdige", "Central nervesystem modnes"]
  },
  "35": {
    "title": "Uge 35 - Vægtøgning",
    "description": "Baby er nu på størrelse med en romaine salat. Baby tager hurtigt på i vægt nu.",
    "size": "romaine salat",
    "keyDevelopments": ["Hurtig vægtøgning", "Lungerne næsten færdige", "Reflekser koordineres"]
  },
  "36": {
    "title": "Uge 36 - Næsten fuldbaaren",
    "description": "Baby er nu på størrelse med en schweizer kål. Baby betragtes snart som fuldbaaren.",
    "size": "schweizer kål",
    "keyDevelopments": ["Næsten fuldbaaren", "Kan suge og sluge", "Lever opbevarer jern"]
  },
  "37": {
    "title": "Uge 37 - Fuldbaaren!",
    "description": "Baby er nu på størrelse med en vandmelon. Baby betragtes nu som fuldbaaren og klar til at blive født!",
    "size": "vandmelon",
    "keyDevelopments": ["Fuldbaaren", "Klar til fødsel", "Tarm fyldes med afføring"]
  },
  "38": {
    "title": "Uge 38 - Klar til verden",
    "description": "Baby er nu på størrelse med en babymelon. Baby er nu helt klar til at møde verden.",
    "size": "babymelon",
    "keyDevelopments": ["Helt klar til fødsel", "Alle systemer fungerer", "Venter på signalet"]
  },
  "39": {
    "title": "Uge 39 - Enhver dag nu",
    "description": "Baby er nu på størrelse med et lille græskar. Fødslen kan ske når som helst nu!",
    "size": "græskar",
    "keyDevelopments": ["Fødsel når som helst", "Perfekt timing", "Alle organer færdige"]
  },
  "40": {
    "title": "Uge 40 - Termin!",
    "description": "Baby er nu på størrelse med en stor vandmelon. Det er termin - baby kommer når baby er klar!",
    "size": "vandmelon",
    "keyDevelopments": ["Termin nået", "Baby kommer når klar", "Naturens perfekte timing"]
  },
  "41": {
    "title": "Uge 41 - Naturens timing",
    "description": "Baby venter stadig. Det er helt normalt - baby kommer når der er perfekt timing.",
    "size": "stor vandmelon",
    "keyDevelopments": ["Normalt at vente", "Perfekt timing", "Tæt overvågning"]
  },
  "42": {
    "title": "Uge 42 - Snart mødes vi",
    "description": "Baby tager sig god tid. Snart mødes I endelig ansigt til ansigt!",
    "size": "ekstra stor vandmelon", 
    "keyDevelopments": ["Snart mødes", "Tæt medicinsk opfølgning", "Spændende tid"]
  }
}